city,date,temp_max,temp_min,temp_avg,humidity,wind_speed,precipitation,conditions,data_source
Mumbai,2025-02-07,32.8,23.8,28.0,54.3,14.9,0.0,Clear,visualcrossing_historical
Mumbai,2025-02-08,32.9,23.7,28.2,53.2,13.6,0.0,Clear,visualcrossing_historical
Mumbai,2025-02-09,32.4,23.0,28.2,49.4,16.0,0.0,Clear,visualcrossing_historical
Mumbai,2025-02-10,32.0,24.4,27.9,44.3,19.4,0.0,Clear,visualcrossing_historical
Mumbai,2025-02-11,30.4,23.0,26.7,48.1,17.1,0.0,Clear,visualcrossing_historical
Mumbai,2025-02-12,31.0,21.0,26.1,49.6,18.4,0.0,Clear,visualcrossing_historical
Mumbai,2025-02-13,33.4,22.1,27.3,49.2,19.3,0.0,Clear,visualcrossing_historical
Mumbai,2025-02-14,34.1,23.4,28.5,42.6,20.4,0.0,Clear,visualcrossing_historical
Mumbai,2025-02-15,34.4,22.7,28.5,40.3,19.3,0.0,Clear,visualcrossing_historical
Mumbai,2025-02-16,33.4,21.6,27.7,39.4,20.5,0.0,Clear,visualcrossing_historical
Mumbai,2025-02-17,31.7,21.7,27.2,50.0,18.4,0.0,Clear,visualcrossing_historical
Mumbai,2025-02-18,34.1,24.0,28.3,48.3,17.8,0.0,Clear,visualcrossing_historical
Mumbai,2025-02-19,32.4,23.0,27.8,50.7,21.1,0.0,Clear,visualcrossing_historical
Mumbai,2025-02-20,33.7,23.7,28.3,47.1,19.3,0.0,Clear,visualcrossing_historical
Mumbai,2025-02-21,35.0,24.0,29.4,38.1,16.6,0.0,Clear,visualcrossing_historical
Mumbai,2025-02-22,34.7,24.6,29.2,41.2,19.0,0.0,Clear,visualcrossing_historical
Mumbai,2025-02-23,34.4,24.6,29.7,41.7,16.0,0.0,Clear,visualcrossing_historical
Mumbai,2025-02-24,36.3,24.9,30.2,37.2,14.8,0.0,Clear,visualcrossing_historical
Mumbai,2025-02-25,35.3,24.7,29.8,37.9,16.7,0.0,Partially cloudy,visualcrossing_historical
Mumbai,2025-02-26,36.0,25.0,29.9,42.6,17.6,0.0,Clear,visualcrossing_historical
Mumbai,2025-02-27,35.0,25.3,29.9,45.6,19.4,0.0,Clear,visualcrossing_historical
Mumbai,2025-02-28,33.4,25.6,29.8,47.8,14.8,0.0,Clear,visualcrossing_historical
Mumbai,2025-03-01,33.0,25.7,29.1,48.4,14.8,0.0,Clear,visualcrossing_historical
Mumbai,2025-03-02,33.0,25.4,28.9,47.5,19.8,0.0,Clear,visualcrossing_historical
Mumbai,2025-03-03,33.7,25.0,29.0,44.5,19.8,0.0,Partially cloudy,visualcrossing_historical
Mumbai,2025-03-04,35.0,25.0,29.4,42.5,19.8,0.0,Partially cloudy,visualcrossing_historical
Mumbai,2025-03-05,34.4,22.9,29.7,35.3,19.5,0.0,Clear,visualcrossing_historical
Mumbai,2025-03-06,33.4,23.8,29.1,31.0,16.6,0.0,Clear,visualcrossing_historical
Mumbai,2025-03-07,33.5,22.9,29.3,32.3,18.4,0.0,Clear,visualcrossing_historical
Mumbai,2025-03-08,33.4,23.3,29.0,41.4,17.5,0.0,Clear,visualcrossing_historical
Mumbai,2025-03-09,32.4,23.9,27.5,64.7,31.0,0.0,Clear,visualcrossing_historical
Mumbai,2025-03-09,29.55,29.55,29.55,47.0,5.07,0.0,clear sky,openweathermap_realtime
Delhi,2025-02-07,22.6,8.0,15.0,54.6,18.4,0.0,Clear,visualcrossing_historical
Delhi,2025-02-08,24.7,9.0,16.3,53.4,16.6,0.0,Clear,visualcrossing_historical
Delhi,2025-02-09,26.0,9.6,16.9,60.4,9.4,0.0,Clear,visualcrossing_historical
Delhi,2025-02-10,26.7,11.0,18.3,63.2,9.4,0.0,Partially cloudy,visualcrossing_historical
Delhi,2025-02-11,28.2,11.7,19.4,60.1,11.2,0.0,Clear,visualcrossing_historical
Delhi,2025-02-12,25.4,13.0,18.4,60.1,26.3,0.0,Clear,visualcrossing_historical
Delhi,2025-02-13,23.8,11.0,17.8,52.3,18.4,0.0,Clear,visualcrossing_historical
Delhi,2025-02-14,25.8,9.0,17.4,51.3,26.1,0.0,Clear,visualcrossing_historical
Delhi,2025-02-15,26.4,12.0,18.7,52.6,9.4,0.0,Partially cloudy,visualcrossing_historical
Delhi,2025-02-16,27.7,13.0,19.7,59.7,13.0,0.0,Partially cloudy,visualcrossing_historical
Delhi,2025-02-17,27.5,13.4,19.8,60.8,9.4,0.0,Partially cloudy,visualcrossing_historical
Delhi,2025-02-18,27.5,15.0,20.3,57.8,13.0,0.0,Partially cloudy,visualcrossing_historical
Delhi,2025-02-19,26.4,12.4,19.7,57.0,14.8,0.0,Partially cloudy,visualcrossing_historical
Delhi,2025-02-20,25.9,16.0,20.5,68.6,23.6,0.796,"Rain, Partially cloudy",visualcrossing_historical
Delhi,2025-02-21,24.7,14.0,19.6,65.7,16.6,0.6,"Rain, Partially cloudy",visualcrossing_historical
Delhi,2025-02-22,23.6,12.0,17.4,75.1,16.6,0.0,Clear,visualcrossing_historical
Delhi,2025-02-23,25.8,11.6,18.3,66.6,13.0,0.0,Clear,visualcrossing_historical
Delhi,2025-02-24,26.0,12.0,18.9,68.9,14.8,0.0,Clear,visualcrossing_historical
Delhi,2025-02-25,27.2,13.0,19.9,63.0,9.4,0.0,Partially cloudy,visualcrossing_historical
Delhi,2025-02-26,30.7,16.6,23.5,57.0,11.2,0.0,Partially cloudy,visualcrossing_historical
Delhi,2025-02-27,24.2,20.0,21.9,63.8,18.4,0.0,Partially cloudy,visualcrossing_historical
Delhi,2025-02-28,25.9,19.0,21.5,67.8,14.4,8.5,"Rain, Partially cloudy",visualcrossing_historical
Delhi,2025-03-01,27.3,18.0,21.7,76.1,18.4,0.83,"Rain, Partially cloudy",visualcrossing_historical
Delhi,2025-03-02,26.1,14.3,20.1,61.4,18.8,0.0,Clear,visualcrossing_historical
Delhi,2025-03-03,29.0,11.6,20.9,50.3,13.0,0.0,Clear,visualcrossing_historical
Delhi,2025-03-04,26.0,15.0,20.8,55.6,18.4,0.0,Partially cloudy,visualcrossing_historical
Delhi,2025-03-05,24.0,10.0,17.1,53.2,27.7,0.0,Clear,visualcrossing_historical
Delhi,2025-03-06,27.0,9.0,18.6,39.5,22.3,0.0,Clear,visualcrossing_historical
Delhi,2025-03-07,29.0,12.0,20.3,43.9,16.6,0.0,Clear,visualcrossing_historical
Delhi,2025-03-08,29.0,14.0,21.6,48.5,16.6,0.0,Clear,visualcrossing_historical
Delhi,2025-03-09,33.0,16.0,25.2,35.3,11.2,0.0,Clear,visualcrossing_historical
Delhi,2025-03-09,32.39,32.39,32.39,10.0,1.24,0.0,clear sky,openweathermap_realtime
Bangalore,2025-02-07,30.3,14.9,22.8,52.4,20.7,0.0,Clear,visualcrossing_historical
Bangalore,2025-02-08,30.0,15.9,22.8,60.0,20.6,0.0,Clear,visualcrossing_historical
Bangalore,2025-02-09,29.1,16.9,23.1,63.1,18.5,0.0,Clear,visualcrossing_historical
Bangalore,2025-02-10,29.0,17.0,22.5,68.1,20.4,0.0,Partially cloudy,visualcrossing_historical
Bangalore,2025-02-11,30.9,14.9,22.9,55.1,14.8,0.0,Partially cloudy,visualcrossing_historical
Bangalore,2025-02-12,32.0,14.9,23.8,44.9,18.2,0.0,Clear,visualcrossing_historical
Bangalore,2025-02-13,31.9,15.0,23.8,50.2,22.1,0.0,Clear,visualcrossing_historical
Bangalore,2025-02-14,32.1,15.9,24.6,47.2,16.3,0.0,Clear,visualcrossing_historical
Bangalore,2025-02-15,32.0,16.0,24.5,50.7,13.0,0.0,Clear,visualcrossing_historical
Bangalore,2025-02-16,32.0,17.9,24.3,52.3,16.8,0.0,Clear,visualcrossing_historical
Bangalore,2025-02-17,31.3,16.0,24.0,58.7,16.6,0.0,Clear,visualcrossing_historical
Bangalore,2025-02-18,31.8,16.9,24.3,55.9,20.5,0.0,Clear,visualcrossing_historical
Bangalore,2025-02-19,33.1,17.0,25.2,52.2,16.3,0.0,Clear,visualcrossing_historical
Bangalore,2025-02-20,32.0,19.0,25.1,54.4,16.6,0.0,Clear,visualcrossing_historical
Bangalore,2025-02-21,32.3,17.9,24.8,56.4,16.8,0.0,Clear,visualcrossing_historical
Bangalore,2025-02-22,32.1,17.0,24.9,58.7,18.4,0.0,Clear,visualcrossing_historical
Bangalore,2025-02-23,32.0,18.0,25.3,52.5,22.8,0.0,Clear,visualcrossing_historical
Bangalore,2025-02-24,31.0,17.9,24.6,52.1,22.3,0.0,Clear,visualcrossing_historical
Bangalore,2025-02-25,31.0,15.9,23.8,59.7,20.4,0.0,Clear,visualcrossing_historical
Bangalore,2025-02-26,31.0,17.0,24.3,54.4,25.9,0.0,Clear,visualcrossing_historical
Bangalore,2025-02-27,31.0,16.9,24.1,55.1,25.9,0.0,Clear,visualcrossing_historical
Bangalore,2025-02-28,31.3,17.9,24.1,57.6,18.4,0.0,Clear,visualcrossing_historical
Bangalore,2025-03-01,30.1,18.9,24.5,68.5,20.3,0.0,Partially cloudy,visualcrossing_historical
Bangalore,2025-03-02,32.0,20.9,25.5,63.8,16.3,0.0,Partially cloudy,visualcrossing_historical
Bangalore,2025-03-03,32.9,19.9,26.6,54.2,14.8,0.0,Partially cloudy,visualcrossing_historical
Bangalore,2025-03-04,32.9,20.9,26.4,48.3,27.7,0.0,Partially cloudy,visualcrossing_historical
Bangalore,2025-03-05,32.9,18.9,26.2,43.6,16.6,0.0,Partially cloudy,visualcrossing_historical
Bangalore,2025-03-06,32.9,19.0,26.4,47.1,12.9,0.0,Partially cloudy,visualcrossing_historical
Bangalore,2025-03-07,33.9,18.9,26.2,38.4,11.2,0.0,Partially cloudy,visualcrossing_historical
Bangalore,2025-03-08,33.0,18.0,25.9,39.9,16.4,0.0,Partially cloudy,visualcrossing_historical
Bangalore,2025-03-09,34.6,18.9,26.9,39.8,24.5,0.0,Partially cloudy,visualcrossing_historical
Bangalore,2025-03-09,33.31,33.31,33.31,14.0,4.73,0.0,broken clouds,openweathermap_realtime
Hyderabad,2025-02-07,32.0,19.0,26.0,54.8,16.6,0.0,Clear,visualcrossing_historical
Hyderabad,2025-02-08,32.5,20.0,25.8,53.0,14.8,0.0,Partially cloudy,visualcrossing_historical
Hyderabad,2025-02-09,32.0,20.0,25.7,55.9,18.4,0.0,Partially cloudy,visualcrossing_historical
Hyderabad,2025-02-10,32.9,19.0,25.6,61.2,14.8,0.0,Clear,visualcrossing_historical
Hyderabad,2025-02-11,32.9,18.0,25.8,58.5,13.1,0.0,Clear,visualcrossing_historical
Hyderabad,2025-02-12,34.8,19.1,26.9,48.9,14.4,0.0,Clear,visualcrossing_historical
Hyderabad,2025-02-13,34.0,17.1,26.4,51.2,14.8,0.0,Clear,visualcrossing_historical
Hyderabad,2025-02-14,32.3,19.9,26.0,43.3,11.2,0.0,Clear,visualcrossing_historical
Hyderabad,2025-02-15,33.5,16.5,25.6,38.9,16.6,0.0,Clear,visualcrossing_historical
Hyderabad,2025-02-16,34.0,17.0,25.6,37.3,12.4,0.0,Clear,visualcrossing_historical
Hyderabad,2025-02-17,34.5,17.1,26.5,46.2,14.8,0.0,Clear,visualcrossing_historical
Hyderabad,2025-02-18,35.0,20.0,27.1,53.0,11.2,0.0,Clear,visualcrossing_historical
Hyderabad,2025-02-19,34.7,20.5,27.6,53.1,14.9,0.0,Clear,visualcrossing_historical
Hyderabad,2025-02-20,34.9,21.0,27.1,64.6,16.4,0.0,Partially cloudy,visualcrossing_historical
Hyderabad,2025-02-21,33.2,21.0,26.8,63.7,14.6,0.0,Partially cloudy,visualcrossing_historical
Hyderabad,2025-02-22,33.6,20.0,26.8,54.7,20.3,0.0,Partially cloudy,visualcrossing_historical
Hyderabad,2025-02-23,33.7,20.0,26.5,50.7,20.5,0.0,Partially cloudy,visualcrossing_historical
Hyderabad,2025-02-24,32.6,19.0,26.0,43.5,18.4,0.0,Clear,visualcrossing_historical
Hyderabad,2025-02-25,32.0,18.5,25.4,51.7,18.4,0.0,Clear,visualcrossing_historical
Hyderabad,2025-02-26,31.4,20.0,25.7,57.4,16.6,0.0,Partially cloudy,visualcrossing_historical
Hyderabad,2025-02-27,32.5,20.0,26.0,57.2,18.4,0.0,Clear,visualcrossing_historical
Hyderabad,2025-02-28,32.3,18.5,25.7,60.8,18.2,0.0,Clear,visualcrossing_historical
Hyderabad,2025-03-01,33.0,19.0,26.3,54.4,16.6,0.0,Clear,visualcrossing_historical
Hyderabad,2025-03-02,34.8,18.0,27.1,47.0,14.8,0.0,Clear,visualcrossing_historical
Hyderabad,2025-03-03,35.0,21.5,28.4,41.7,16.7,0.0,Partially cloudy,visualcrossing_historical
Hyderabad,2025-03-04,36.8,18.0,27.1,44.6,13.0,0.0,Partially cloudy,visualcrossing_historical
Hyderabad,2025-03-05,34.0,20.0,26.9,35.4,18.4,0.0,Partially cloudy,visualcrossing_historical
Hyderabad,2025-03-06,33.0,19.0,26.1,24.3,18.4,0.0,Partially cloudy,visualcrossing_historical
Hyderabad,2025-03-07,34.0,17.0,26.1,24.4,16.2,0.0,Clear,visualcrossing_historical
Hyderabad,2025-03-08,36.0,18.0,27.2,30.8,18.4,0.0,Clear,visualcrossing_historical
Hyderabad,2025-03-09,34.3,20.0,27.8,40.4,19.8,0.0,Clear,visualcrossing_historical
Hyderabad,2025-03-09,34.09,34.09,34.09,16.0,4.29,0.0,clear sky,openweathermap_realtime
Chennai,2025-02-07,31.0,22.9,26.7,77.2,16.6,0.0,Partially cloudy,visualcrossing_historical
Chennai,2025-02-08,31.2,23.5,26.9,76.6,16.6,0.0,Partially cloudy,visualcrossing_historical
Chennai,2025-02-09,30.5,23.9,26.9,77.2,14.8,0.0,Partially cloudy,visualcrossing_historical
Chennai,2025-02-10,30.5,23.9,26.9,72.8,20.5,0.0,Partially cloudy,visualcrossing_historical
Chennai,2025-02-11,31.0,22.5,26.5,74.4,14.8,0.0,Partially cloudy,visualcrossing_historical
Chennai,2025-02-12,31.2,22.9,26.5,77.5,14.8,0.0,Partially cloudy,visualcrossing_historical
Chennai,2025-02-13,32.7,22.0,26.3,74.6,14.8,0.0,Partially cloudy,visualcrossing_historical
Chennai,2025-02-14,32.0,22.0,26.8,75.4,16.6,0.0,Partially cloudy,visualcrossing_historical
Chennai,2025-02-15,32.0,22.6,27.0,74.0,18.4,0.0,Partially cloudy,visualcrossing_historical
Chennai,2025-02-16,32.1,23.4,27.5,73.0,16.6,0.0,Partially cloudy,visualcrossing_historical
Chennai,2025-02-17,31.6,24.0,27.5,75.5,14.8,0.0,Partially cloudy,visualcrossing_historical
Chennai,2025-02-18,31.2,23.6,27.4,73.7,16.6,0.0,Partially cloudy,visualcrossing_historical
Chennai,2025-02-19,31.0,23.3,27.1,75.2,14.8,0.0,Partially cloudy,visualcrossing_historical
Chennai,2025-02-20,31.0,23.4,27.3,73.8,18.4,0.0,Partially cloudy,visualcrossing_historical
Chennai,2025-02-21,31.2,24.0,27.5,74.9,18.4,0.0,Partially cloudy,visualcrossing_historical
Chennai,2025-02-22,31.0,24.6,27.7,76.1,16.6,0.0,Partially cloudy,visualcrossing_historical
Chennai,2025-02-23,32.0,24.0,27.6,76.3,14.8,0.0,Partially cloudy,visualcrossing_historical
Chennai,2025-02-24,32.0,23.8,27.7,74.7,22.3,0.0,Partially cloudy,visualcrossing_historical
Chennai,2025-02-25,32.0,25.0,28.4,71.5,27.7,0.0,Partially cloudy,visualcrossing_historical
Chennai,2025-02-26,33.0,26.0,28.8,71.1,25.9,0.0,Partially cloudy,visualcrossing_historical
Chennai,2025-02-27,32.0,24.7,28.6,71.3,25.9,0.0,Partially cloudy,visualcrossing_historical
Chennai,2025-02-28,32.0,25.0,28.4,75.1,22.3,0.0,Partially cloudy,visualcrossing_historical
Chennai,2025-03-01,31.4,27.0,28.7,77.3,22.3,0.0,Partially cloudy,visualcrossing_historical
Chennai,2025-03-02,33.0,26.0,29.4,74.8,18.4,0.0,Partially cloudy,visualcrossing_historical
Chennai,2025-03-03,33.4,26.0,29.4,74.3,18.4,0.0,Partially cloudy,visualcrossing_historical
Chennai,2025-03-04,33.0,25.9,29.1,76.5,20.5,0.0,Partially cloudy,visualcrossing_historical
Chennai,2025-03-05,34.0,25.0,29.1,72.9,16.6,0.0,Partially cloudy,visualcrossing_historical
Chennai,2025-03-06,36.0,25.0,29.8,62.3,21.2,0.0,Partially cloudy,visualcrossing_historical
Chennai,2025-03-07,34.0,23.0,28.5,64.5,20.5,0.0,Partially cloudy,visualcrossing_historical
Chennai,2025-03-08,33.0,24.0,28.6,70.3,24.1,0.0,Partially cloudy,visualcrossing_historical
Chennai,2025-03-09,31.0,24.0,27.3,68.8,18.7,0.0,Clear,visualcrossing_historical
Chennai,2025-03-09,29.25,29.25,29.25,51.0,5.22,0.0,clear sky,openweathermap_realtime
Kolkata,2025-02-07,27.0,17.0,21.8,50.7,18.4,0.0,Clear,visualcrossing_historical
Kolkata,2025-02-08,26.0,15.0,20.7,55.6,14.8,0.0,Clear,visualcrossing_historical
Kolkata,2025-02-09,28.0,15.9,21.6,54.8,14.8,0.0,Clear,visualcrossing_historical
Kolkata,2025-02-10,31.0,16.0,23.5,64.0,14.8,0.0,Clear,visualcrossing_historical
Kolkata,2025-02-11,31.0,22.0,25.5,71.1,14.8,0.0,Partially cloudy,visualcrossing_historical
Kolkata,2025-02-12,29.2,20.0,25.1,77.2,11.2,0.0,Partially cloudy,visualcrossing_historical
Kolkata,2025-02-13,30.0,22.8,25.7,73.2,14.8,0.0,Partially cloudy,visualcrossing_historical
Kolkata,2025-02-14,28.0,17.0,22.9,49.2,18.4,0.0,Clear,visualcrossing_historical
Kolkata,2025-02-15,30.0,18.0,23.6,53.5,11.2,0.0,Clear,visualcrossing_historical
Kolkata,2025-02-16,32.0,19.0,25.3,64.3,18.4,0.0,Clear,visualcrossing_historical
Kolkata,2025-02-17,32.0,22.0,26.2,70.8,18.4,0.0,Partially cloudy,visualcrossing_historical
Kolkata,2025-02-18,30.6,22.0,26.3,74.2,16.6,0.0,Partially cloudy,visualcrossing_historical
Kolkata,2025-02-19,29.2,23.0,25.2,79.2,13.0,0.012,"Rain, Partially cloudy",visualcrossing_historical
Kolkata,2025-02-20,28.0,20.0,22.4,87.4,22.3,40.008,"Rain, Partially cloudy",visualcrossing_historical
Kolkata,2025-02-21,30.0,19.0,23.7,79.7,11.2,0.0,Partially cloudy,visualcrossing_historical
Kolkata,2025-02-22,30.0,20.0,25.2,78.8,14.8,0.441,"Rain, Partially cloudy",visualcrossing_historical
Kolkata,2025-02-23,29.0,22.0,25.5,73.7,9.4,0.03,"Rain, Partially cloudy",visualcrossing_historical
Kolkata,2025-02-24,30.0,21.0,25.3,68.3,11.2,0.0,Partially cloudy,visualcrossing_historical
Kolkata,2025-02-25,30.0,21.0,25.3,65.3,13.0,0.0,Partially cloudy,visualcrossing_historical
Kolkata,2025-02-26,30.0,20.0,24.9,60.3,13.0,0.0,Partially cloudy,visualcrossing_historical
Kolkata,2025-02-27,30.0,20.0,25.3,63.1,11.2,0.0,Partially cloudy,visualcrossing_historical
Kolkata,2025-02-28,32.0,22.0,26.8,64.5,11.2,0.0,Clear,visualcrossing_historical
Kolkata,2025-03-01,34.0,23.9,28.1,64.8,22.3,0.0,Clear,visualcrossing_historical
Kolkata,2025-03-02,34.0,24.2,28.6,61.3,14.8,0.0,Clear,visualcrossing_historical
Kolkata,2025-03-03,32.0,24.0,28.1,58.1,14.8,0.0,Partially cloudy,visualcrossing_historical
Kolkata,2025-03-04,33.0,22.0,27.7,50.1,16.6,0.0,Clear,visualcrossing_historical
Kolkata,2025-03-05,32.0,24.0,27.5,45.6,22.3,0.0,Clear,visualcrossing_historical
Kolkata,2025-03-06,28.0,18.0,23.9,42.5,20.5,0.0,Clear,visualcrossing_historical
Kolkata,2025-03-07,31.0,19.0,25.0,43.1,16.6,0.0,Clear,visualcrossing_historical
Kolkata,2025-03-08,31.0,21.0,26.2,66.7,18.4,0.0,Partially cloudy,visualcrossing_historical
Kolkata,2025-03-09,34.4,22.0,27.5,61.7,23.8,0.0,Partially cloudy,visualcrossing_historical
Kolkata,2025-03-09,33.42,33.42,33.42,23.0,2.04,0.0,clear sky,openweathermap_realtime
Ahmedabad,2025-02-07,27.7,15.0,21.7,32.8,27.7,0.0,Clear,visualcrossing_historical
Ahmedabad,2025-02-08,29.4,16.0,22.3,37.0,20.5,0.0,Partially cloudy,visualcrossing_historical
Ahmedabad,2025-02-09,32.1,17.0,23.5,41.2,11.2,0.0,Clear,visualcrossing_historical
Ahmedabad,2025-02-10,31.0,14.0,23.0,44.5,14.8,0.0,Clear,visualcrossing_historical
Ahmedabad,2025-02-11,29.2,15.9,22.2,52.9,14.8,0.0,Clear,visualcrossing_historical
Ahmedabad,2025-02-12,30.8,18.0,23.9,53.4,14.8,0.0,Clear,visualcrossing_historical
Ahmedabad,2025-02-13,31.0,18.0,24.2,35.5,18.4,0.0,Clear,visualcrossing_historical
Ahmedabad,2025-02-14,33.0,17.0,24.6,37.5,14.8,0.0,Clear,visualcrossing_historical
Ahmedabad,2025-02-15,32.7,18.0,25.0,43.0,13.1,0.0,Clear,visualcrossing_historical
Ahmedabad,2025-02-16,32.1,20.0,25.4,48.1,14.8,0.0,Clear,visualcrossing_historical
Ahmedabad,2025-02-17,32.7,19.0,25.8,48.9,11.2,0.0,Clear,visualcrossing_historical
Ahmedabad,2025-02-18,32.8,22.0,26.6,43.3,20.5,0.0,Clear,visualcrossing_historical
Ahmedabad,2025-02-19,33.8,19.0,26.3,39.8,20.5,0.0,Clear,visualcrossing_historical
Ahmedabad,2025-02-20,32.8,21.0,26.3,41.1,14.8,0.0,Clear,visualcrossing_historical
Ahmedabad,2025-02-21,33.0,20.0,26.3,43.6,16.6,0.0,Clear,visualcrossing_historical
Ahmedabad,2025-02-22,32.0,19.0,25.9,40.3,14.8,0.0,Clear,visualcrossing_historical
Ahmedabad,2025-02-23,32.9,19.4,26.2,37.9,14.8,0.0,Clear,visualcrossing_historical
Ahmedabad,2025-02-24,33.3,20.0,26.4,34.9,27.7,0.0,Clear,visualcrossing_historical
Ahmedabad,2025-02-25,33.4,20.0,26.8,32.5,18.4,0.0,Partially cloudy,visualcrossing_historical
Ahmedabad,2025-02-26,35.0,21.9,27.6,34.0,14.8,0.0,Partially cloudy,visualcrossing_historical
Ahmedabad,2025-02-27,35.9,22.0,28.7,34.0,20.5,0.0,Clear,visualcrossing_historical
Ahmedabad,2025-02-28,34.3,22.0,27.8,36.3,11.2,0.0,Partially cloudy,visualcrossing_historical
Ahmedabad,2025-03-01,32.8,22.0,27.0,43.9,14.8,0.0,Clear,visualcrossing_historical
Ahmedabad,2025-03-02,33.0,20.0,26.6,38.8,16.6,0.0,Clear,visualcrossing_historical
Ahmedabad,2025-03-03,33.7,21.0,26.7,38.6,13.0,0.0,Clear,visualcrossing_historical
Ahmedabad,2025-03-04,31.0,21.0,25.9,31.5,20.5,0.0,Clear,visualcrossing_historical
Ahmedabad,2025-03-05,31.0,17.0,24.0,17.4,24.1,0.0,Clear,visualcrossing_historical
Ahmedabad,2025-03-06,33.0,15.0,24.2,28.1,11.2,0.0,Clear,visualcrossing_historical
Ahmedabad,2025-03-07,35.0,16.0,25.9,32.5,5.4,0.0,Clear,visualcrossing_historical
Ahmedabad,2025-03-08,36.0,19.0,27.8,35.3,7.6,0.0,Clear,visualcrossing_historical
Ahmedabad,2025-03-09,38.6,20.0,30.1,30.8,14.8,0.0,Clear,visualcrossing_historical
Ahmedabad,2025-03-09,37.14,37.14,37.14,11.0,0.32,0.0,clear sky,openweathermap_realtime
Pune,2025-02-07,32.8,17.1,24.3,57.1,11.9,0.0,Clear,visualcrossing_historical
Pune,2025-02-08,33.0,17.4,24.6,58.5,10.1,0.0,Clear,visualcrossing_historical
Pune,2025-02-09,33.0,17.9,25.0,58.0,7.6,0.0,Clear,visualcrossing_historical
Pune,2025-02-10,33.6,19.4,25.5,53.7,7.9,0.0,Partially cloudy,visualcrossing_historical
Pune,2025-02-11,33.8,17.1,24.5,51.3,12.2,0.0,Clear,visualcrossing_historical
Pune,2025-02-12,33.6,16.2,24.3,48.2,9.0,0.0,Clear,visualcrossing_historical
Pune,2025-02-13,32.8,13.9,23.1,46.7,10.8,0.0,Clear,visualcrossing_historical
Pune,2025-02-14,32.8,14.4,23.5,46.8,12.2,0.0,Clear,visualcrossing_historical
Pune,2025-02-15,34.0,14.1,24.1,43.4,9.7,0.0,Clear,visualcrossing_historical
Pune,2025-02-16,35.0,14.4,24.4,42.4,9.4,0.0,Clear,visualcrossing_historical
Pune,2025-02-17,34.3,14.2,24.3,42.4,9.0,0.0,Clear,visualcrossing_historical
Pune,2025-02-18,34.8,15.7,24.8,47.6,10.4,0.0,Clear,visualcrossing_historical
Pune,2025-02-19,35.0,16.2,25.0,48.0,12.2,0.0,Clear,visualcrossing_historical
Pune,2025-02-20,33.8,15.9,24.4,47.3,11.9,0.0,Clear,visualcrossing_historical
Pune,2025-02-21,33.6,15.9,24.6,44.4,14.0,0.0,Clear,visualcrossing_historical
Pune,2025-02-22,34.9,16.4,25.3,44.4,11.2,0.0,Clear,visualcrossing_historical
Pune,2025-02-23,34.6,16.2,25.1,42.2,11.2,0.0,Clear,visualcrossing_historical
Pune,2025-02-24,34.6,15.2,24.6,40.9,16.6,0.0,Clear,visualcrossing_historical
Pune,2025-02-25,33.8,15.7,24.8,42.2,15.1,0.0,Partially cloudy,visualcrossing_historical
Pune,2025-02-26,33.3,16.4,24.8,47.7,15.5,0.0,Clear,visualcrossing_historical
Pune,2025-02-27,34.0,17.1,25.8,45.6,11.9,0.0,Clear,visualcrossing_historical
Pune,2025-02-28,34.8,18.2,26.1,49.8,8.3,0.0,Partially cloudy,visualcrossing_historical
Pune,2025-03-01,35.8,18.9,26.5,48.3,11.5,0.0,Clear,visualcrossing_historical
Pune,2025-03-02,35.0,18.7,26.5,49.0,12.2,0.0,Partially cloudy,visualcrossing_historical
Pune,2025-03-03,36.6,18.4,26.9,36.1,11.9,0.0,Partially cloudy,visualcrossing_historical
Pune,2025-03-04,33.7,22.4,27.8,23.6,14.4,0.0,Partially cloudy,visualcrossing_historical
Pune,2025-03-05,33.7,21.2,26.9,24.1,15.1,0.0,Clear,visualcrossing_historical
Pune,2025-03-06,33.1,19.2,25.9,13.0,15.1,0.0,Clear,visualcrossing_historical
Pune,2025-03-07,33.6,20.8,26.9,10.4,13.0,0.0,Clear,visualcrossing_historical
Pune,2025-03-08,35.7,22.0,27.9,15.0,24.5,0.0,Clear,visualcrossing_historical
Pune,2025-03-09,34.9,22.1,28.0,20.1,13.0,0.0,Clear,visualcrossing_historical
Pune,2025-03-09,34.42,34.42,34.42,12.0,2.29,0.0,clear sky,openweathermap_realtime
Jaipur,2025-02-07,23.0,10.0,17.4,33.2,14.8,0.0,Clear,visualcrossing_historical
Jaipur,2025-02-08,26.0,11.0,18.2,34.3,13.0,0.0,Partially cloudy,visualcrossing_historical
Jaipur,2025-02-09,26.5,11.0,18.6,39.9,11.2,0.0,Partially cloudy,visualcrossing_historical
Jaipur,2025-02-10,28.0,13.0,19.7,44.1,13.0,0.0,Partially cloudy,visualcrossing_historical
Jaipur,2025-02-11,29.3,13.0,21.1,46.3,14.8,0.0,Clear,visualcrossing_historical
Jaipur,2025-02-12,26.4,15.0,21.2,34.9,16.6,0.0,Clear,visualcrossing_historical
Jaipur,2025-02-13,26.0,13.0,19.8,32.0,14.8,0.0,Clear,visualcrossing_historical
Jaipur,2025-02-14,28.1,12.8,20.7,31.3,18.4,0.0,Clear,visualcrossing_historical
Jaipur,2025-02-15,30.1,15.0,22.4,43.6,20.5,0.0,Clear,visualcrossing_historical
Jaipur,2025-02-16,27.6,17.0,22.5,41.5,18.4,0.0,Partially cloudy,visualcrossing_historical
Jaipur,2025-02-17,28.4,18.0,22.4,48.8,16.6,0.0,Partially cloudy,visualcrossing_historical
Jaipur,2025-02-18,26.2,17.5,21.6,57.7,22.3,2.0,"Rain, Partially cloudy",visualcrossing_historical
Jaipur,2025-02-19,27.3,16.0,21.3,58.4,22.3,0.2,"Rain, Partially cloudy",visualcrossing_historical
Jaipur,2025-02-20,27.0,17.0,21.5,56.4,25.9,0.0,Clear,visualcrossing_historical
Jaipur,2025-02-21,27.0,17.0,21.8,38.5,27.7,0.0,Clear,visualcrossing_historical
Jaipur,2025-02-22,25.8,13.0,20.3,44.6,16.6,0.0,Clear,visualcrossing_historical
Jaipur,2025-02-23,27.0,14.4,20.9,41.8,14.8,0.0,Clear,visualcrossing_historical
Jaipur,2025-02-24,28.3,15.3,21.9,43.3,16.6,0.0,Clear,visualcrossing_historical
Jaipur,2025-02-25,27.9,16.0,22.3,47.7,14.8,0.0,Partially cloudy,visualcrossing_historical
Jaipur,2025-02-26,30.1,18.0,24.3,44.5,14.8,0.0,Partially cloudy,visualcrossing_historical
Jaipur,2025-02-27,29.0,19.9,23.5,50.9,24.1,0.0,Partially cloudy,visualcrossing_historical
Jaipur,2025-02-28,29.0,19.0,22.7,58.5,22.3,0.0,Partially cloudy,visualcrossing_historical
Jaipur,2025-03-01,29.0,17.4,22.9,59.1,22.3,0.0,Partially cloudy,visualcrossing_historical
Jaipur,2025-03-02,27.3,19.0,22.4,57.3,18.4,0.0,Partially cloudy,visualcrossing_historical
Jaipur,2025-03-03,30.4,16.0,22.8,39.9,18.4,0.0,Clear,visualcrossing_historical
Jaipur,2025-03-04,25.0,18.0,21.9,29.7,27.7,0.0,Clear,visualcrossing_historical
Jaipur,2025-03-05,26.0,14.0,20.1,28.0,27.7,0.0,Clear,visualcrossing_historical
Jaipur,2025-03-06,29.0,17.0,22.5,18.9,22.3,0.0,Clear,visualcrossing_historical
Jaipur,2025-03-07,38.0,15.0,24.7,24.6,14.8,0.0,Clear,visualcrossing_historical
Jaipur,2025-03-08,31.0,16.0,24.3,28.9,13.0,0.0,Clear,visualcrossing_historical
Jaipur,2025-03-09,33.0,17.0,25.5,24.1,16.9,0.0,Clear,visualcrossing_historical
Jaipur,2025-03-09,32.18,32.18,32.18,12.0,4.15,0.0,clear sky,openweathermap_realtime
Lucknow,2025-02-07,23.9,10.1,16.2,57.7,20.5,0.0,Clear,visualcrossing_historical
Lucknow,2025-02-08,25.7,9.0,16.5,62.4,14.8,0.0,Partially cloudy,visualcrossing_historical
Lucknow,2025-02-09,27.4,10.9,17.7,64.2,16.6,0.0,Clear,visualcrossing_historical
Lucknow,2025-02-10,28.6,10.4,18.2,64.8,14.8,0.0,Clear,visualcrossing_historical
Lucknow,2025-02-11,28.4,13.1,20.3,61.1,24.1,0.0,Clear,visualcrossing_historical
Lucknow,2025-02-12,28.6,13.0,20.3,65.7,22.3,0.0,Clear,visualcrossing_historical
Lucknow,2025-02-13,26.2,14.0,18.6,49.3,33.5,0.0,Clear,visualcrossing_historical
Lucknow,2025-02-14,26.0,9.0,17.5,50.3,29.5,0.0,Clear,visualcrossing_historical
Lucknow,2025-02-15,27.6,10.6,19.1,54.0,11.2,0.0,Clear,visualcrossing_historical
Lucknow,2025-02-16,28.3,12.0,20.4,60.3,7.6,0.0,Clear,visualcrossing_historical
Lucknow,2025-02-17,29.2,14.9,21.0,66.2,13.0,0.0,Clear,visualcrossing_historical
Lucknow,2025-02-18,28.1,14.0,20.5,67.7,18.4,0.0,Partially cloudy,visualcrossing_historical
Lucknow,2025-02-19,28.6,12.0,20.2,62.8,14.8,0.0,Partially cloudy,visualcrossing_historical
Lucknow,2025-02-20,27.0,15.0,20.5,60.6,13.0,0.0,Partially cloudy,visualcrossing_historical
Lucknow,2025-02-21,29.3,15.0,22.2,62.0,13.0,0.0,Partially cloudy,visualcrossing_historical
Lucknow,2025-02-22,27.0,16.0,20.9,62.8,20.5,0.0,Clear,visualcrossing_historical
Lucknow,2025-02-23,26.7,13.0,19.2,67.0,18.4,0.0,Clear,visualcrossing_historical
Lucknow,2025-02-24,27.1,13.0,19.8,64.4,16.6,0.0,Clear,visualcrossing_historical
Lucknow,2025-02-25,27.6,11.0,19.3,64.0,18.4,0.0,Partially cloudy,visualcrossing_historical
Lucknow,2025-02-26,28.1,13.0,20.3,66.7,13.0,0.0,Partially cloudy,visualcrossing_historical
Lucknow,2025-02-27,29.6,14.0,22.0,68.3,18.4,0.0,Partially cloudy,visualcrossing_historical
Lucknow,2025-02-28,29.4,18.6,23.5,69.5,18.4,0.0,Partially cloudy,visualcrossing_historical
Lucknow,2025-03-01,28.3,19.0,23.2,67.3,20.5,0.0,Partially cloudy,visualcrossing_historical
Lucknow,2025-03-02,30.4,17.7,23.5,54.8,25.9,0.0,Clear,visualcrossing_historical
Lucknow,2025-03-03,29.3,13.0,21.4,52.2,27.7,0.0,Clear,visualcrossing_historical
Lucknow,2025-03-04,30.0,16.0,22.6,47.0,27.7,0.0,Clear,visualcrossing_historical
Lucknow,2025-03-05,25.0,14.0,19.3,49.6,29.5,0.0,Clear,visualcrossing_historical
Lucknow,2025-03-06,27.0,11.0,18.4,48.8,29.5,0.0,Clear,visualcrossing_historical
Lucknow,2025-03-07,29.0,11.0,20.5,49.4,22.3,0.0,Clear,visualcrossing_historical
Lucknow,2025-03-08,29.0,13.0,21.2,52.1,24.1,0.0,Clear,visualcrossing_historical
Lucknow,2025-03-09,32.9,14.0,23.8,39.2,13.0,0.0,Clear,visualcrossing_historical
Lucknow,2025-03-09,32.28,32.28,32.28,10.0,1.34,0.0,clear sky,openweathermap_realtime
Kanpur,2025-02-07,23.9,10.1,16.4,56.6,20.5,0.0,Clear,visualcrossing_historical
Kanpur,2025-02-08,25.7,9.0,17.0,60.1,14.8,0.0,Partially cloudy,visualcrossing_historical
Kanpur,2025-02-09,27.4,11.0,17.9,63.4,16.6,0.0,Clear,visualcrossing_historical
Kanpur,2025-02-10,28.6,9.9,18.1,68.2,14.8,0.0,Clear,visualcrossing_historical
Kanpur,2025-02-11,29.1,12.3,20.2,65.1,24.1,0.0,Clear,visualcrossing_historical
Kanpur,2025-02-12,28.5,13.0,20.2,66.0,22.3,0.0,Clear,visualcrossing_historical
Kanpur,2025-02-13,26.1,14.0,18.6,49.7,33.5,0.0,Clear,visualcrossing_historical
Kanpur,2025-02-14,26.0,9.0,17.6,50.3,29.5,0.0,Clear,visualcrossing_historical
Kanpur,2025-02-15,27.5,10.5,19.1,54.5,11.2,0.0,Clear,visualcrossing_historical
Kanpur,2025-02-16,28.2,12.0,20.4,60.7,7.6,0.0,Clear,visualcrossing_historical
Kanpur,2025-02-17,29.2,14.9,21.0,66.2,13.0,0.0,Clear,visualcrossing_historical
Kanpur,2025-02-18,28.0,14.0,20.5,68.4,18.4,0.0,Partially cloudy,visualcrossing_historical
Kanpur,2025-02-19,28.5,12.0,20.2,63.1,14.8,0.0,Partially cloudy,visualcrossing_historical
Kanpur,2025-02-20,27.0,15.0,20.6,61.0,13.0,0.0,Partially cloudy,visualcrossing_historical
Kanpur,2025-02-21,29.5,15.0,22.2,63.4,13.0,0.0,Partially cloudy,visualcrossing_historical
Kanpur,2025-02-22,27.0,16.0,20.9,63.4,20.5,0.0,Clear,visualcrossing_historical
Kanpur,2025-02-23,26.7,13.0,19.2,66.8,18.4,0.0,Clear,visualcrossing_historical
Kanpur,2025-02-24,27.0,13.0,19.7,64.5,16.6,0.0,Clear,visualcrossing_historical
Kanpur,2025-02-25,27.5,11.0,19.2,64.6,18.4,0.0,Clear,visualcrossing_historical
Kanpur,2025-02-26,28.0,13.0,20.3,66.9,13.0,0.0,Partially cloudy,visualcrossing_historical
Kanpur,2025-02-27,29.5,14.0,22.0,69.1,18.4,0.0,Partially cloudy,visualcrossing_historical
Kanpur,2025-02-28,29.2,18.5,23.4,69.9,18.4,0.0,Partially cloudy,visualcrossing_historical
Kanpur,2025-03-01,28.2,19.0,23.2,67.9,20.5,0.0,Partially cloudy,visualcrossing_historical
Kanpur,2025-03-02,30.4,17.7,23.5,55.1,25.9,0.0,Clear,visualcrossing_historical
Kanpur,2025-03-03,29.3,13.0,21.4,52.2,27.7,0.0,Clear,visualcrossing_historical
Kanpur,2025-03-04,30.0,16.0,22.6,47.0,27.7,0.0,Clear,visualcrossing_historical
Kanpur,2025-03-05,25.0,14.0,19.3,49.6,29.5,0.0,Clear,visualcrossing_historical
Kanpur,2025-03-06,27.0,11.0,18.4,48.8,29.5,0.0,Clear,visualcrossing_historical
Kanpur,2025-03-07,29.0,11.0,20.5,49.4,22.3,0.0,Clear,visualcrossing_historical
Kanpur,2025-03-08,29.0,13.0,21.2,52.1,24.1,0.0,Clear,visualcrossing_historical
Kanpur,2025-03-09,33.8,14.0,24.0,39.9,13.0,0.0,Clear,visualcrossing_historical
Kanpur,2025-03-09,33.19,33.19,33.19,9.0,2.46,0.0,clear sky,openweathermap_realtime
Nagpur,2025-02-07,29.0,19.0,23.4,33.2,13.0,0.0,Clear,visualcrossing_historical
Nagpur,2025-02-08,31.0,18.3,24.2,36.2,9.4,0.0,Clear,visualcrossing_historical
Nagpur,2025-02-09,32.3,17.0,24.7,38.9,9.4,0.0,Clear,visualcrossing_historical
Nagpur,2025-02-10,33.4,17.0,25.5,49.1,16.6,0.0,Clear,visualcrossing_historical
Nagpur,2025-02-11,34.0,20.0,27.3,47.5,16.6,0.0,Clear,visualcrossing_historical
Nagpur,2025-02-12,34.0,17.8,26.3,36.9,18.4,0.0,Clear,visualcrossing_historical
Nagpur,2025-02-13,30.0,18.4,23.7,33.3,13.0,0.0,Clear,visualcrossing_historical
Nagpur,2025-02-14,32.0,14.1,23.0,35.4,11.2,0.0,Clear,visualcrossing_historical
Nagpur,2025-02-15,33.5,13.9,24.2,35.4,9.4,0.0,Clear,visualcrossing_historical
Nagpur,2025-02-16,35.3,17.0,25.6,34.7,13.0,0.0,Clear,visualcrossing_historical
Nagpur,2025-02-17,34.0,16.6,26.0,37.5,7.6,0.0,Clear,visualcrossing_historical
Nagpur,2025-02-18,34.0,17.6,26.4,41.2,9.4,0.0,Clear,visualcrossing_historical
Nagpur,2025-02-19,33.4,20.9,27.0,42.7,7.6,0.0,Clear,visualcrossing_historical
Nagpur,2025-02-20,35.0,20.0,27.8,35.9,14.8,0.0,Clear,visualcrossing_historical
Nagpur,2025-02-21,35.0,18.0,26.7,33.1,13.0,0.0,Clear,visualcrossing_historical
Nagpur,2025-02-22,33.3,19.0,26.4,35.0,11.5,0.0,Clear,visualcrossing_historical
Nagpur,2025-02-23,34.0,17.0,25.8,31.8,14.8,0.0,Clear,visualcrossing_historical
Nagpur,2025-02-24,33.0,17.3,25.7,33.1,11.2,0.0,Clear,visualcrossing_historical
Nagpur,2025-02-25,32.0,20.6,25.5,35.0,14.8,0.0,Clear,visualcrossing_historical
Nagpur,2025-02-26,33.5,19.0,26.1,33.6,13.0,0.0,Partially cloudy,visualcrossing_historical
Nagpur,2025-02-27,34.0,19.6,26.4,33.4,14.8,0.0,Partially cloudy,visualcrossing_historical
Nagpur,2025-02-28,35.4,17.0,27.2,36.0,9.4,0.0,Partially cloudy,visualcrossing_historical
Nagpur,2025-03-01,35.0,19.0,28.0,40.6,16.6,0.0,Clear,visualcrossing_historical
Nagpur,2025-03-02,35.9,21.0,28.6,39.0,11.2,0.0,Partially cloudy,visualcrossing_historical
Nagpur,2025-03-03,35.4,20.0,28.3,33.9,14.8,0.0,Partially cloudy,visualcrossing_historical
Nagpur,2025-03-04,37.0,21.6,28.9,31.6,20.5,0.0,Partially cloudy,visualcrossing_historical
Nagpur,2025-03-05,33.0,21.0,26.1,22.9,20.5,0.0,Clear,visualcrossing_historical
Nagpur,2025-03-06,32.0,18.0,24.6,20.5,14.8,0.0,Clear,visualcrossing_historical
Nagpur,2025-03-07,35.0,17.0,25.9,21.5,16.6,0.0,Clear,visualcrossing_historical
Nagpur,2025-03-08,37.0,16.0,27.3,23.9,13.0,0.0,Clear,visualcrossing_historical
Nagpur,2025-03-09,35.8,22.0,29.1,21.3,13.0,0.0,Clear,visualcrossing_historical
Nagpur,2025-03-09,35.24,35.24,35.24,10.0,2.5,0.0,clear sky,openweathermap_realtime
Indore,2025-02-07,24.0,12.0,18.3,46.6,20.5,0.0,Clear,visualcrossing_historical
Indore,2025-02-08,29.0,12.0,20.3,50.4,13.0,0.0,Clear,visualcrossing_historical
Indore,2025-02-09,30.2,15.3,22.9,52.4,11.2,0.0,Clear,visualcrossing_historical
Indore,2025-02-10,29.2,14.0,22.5,54.2,11.2,0.0,Clear,visualcrossing_historical
Indore,2025-02-11,29.4,13.0,21.7,51.6,14.8,0.0,Clear,visualcrossing_historical
Indore,2025-02-12,28.1,13.0,20.7,54.5,11.2,0.0,Clear,visualcrossing_historical
Indore,2025-02-13,27.0,11.0,20.0,50.5,13.0,0.0,Clear,visualcrossing_historical
Indore,2025-02-14,28.4,13.0,21.2,48.7,13.0,0.0,Clear,visualcrossing_historical
Indore,2025-02-15,30.4,16.0,22.6,46.6,16.6,0.0,Clear,visualcrossing_historical
Indore,2025-02-16,30.8,15.0,23.0,48.4,14.8,0.0,Clear,visualcrossing_historical
Indore,2025-02-17,29.7,15.0,22.8,54.3,10.1,0.0,Clear,visualcrossing_historical
Indore,2025-02-18,30.7,15.0,23.8,56.0,14.8,0.0,Clear,visualcrossing_historical
Indore,2025-02-19,30.2,15.0,23.4,53.5,11.2,0.0,Clear,visualcrossing_historical
Indore,2025-02-20,30.0,16.0,23.0,47.1,13.0,0.0,Clear,visualcrossing_historical
Indore,2025-02-21,28.4,14.0,22.2,49.3,14.8,0.0,Clear,visualcrossing_historical
Indore,2025-02-22,29.0,16.0,22.5,48.7,14.8,0.0,Clear,visualcrossing_historical
Indore,2025-02-23,30.0,15.0,23.1,47.1,9.4,0.0,Clear,visualcrossing_historical
Indore,2025-02-24,29.1,16.0,22.6,45.1,14.8,0.0,Clear,visualcrossing_historical
Indore,2025-02-25,30.0,16.0,23.3,42.2,14.8,0.0,Clear,visualcrossing_historical
Indore,2025-02-26,32.0,16.0,24.6,38.7,22.3,0.0,Clear,visualcrossing_historical
Indore,2025-02-27,32.8,17.0,25.6,41.8,16.6,0.0,Partially cloudy,visualcrossing_historical
Indore,2025-02-28,34.0,21.0,26.3,44.8,18.4,0.0,Partially cloudy,visualcrossing_historical
Indore,2025-03-01,32.0,18.0,25.1,49.7,7.6,0.0,Clear,visualcrossing_historical
Indore,2025-03-02,29.7,17.0,24.1,49.2,16.6,0.0,Clear,visualcrossing_historical
Indore,2025-03-03,32.1,16.5,24.3,47.1,9.4,0.0,Clear,visualcrossing_historical
Indore,2025-03-04,29.9,16.0,23.1,46.7,18.4,0.0,Clear,visualcrossing_historical
Indore,2025-03-05,27.0,14.0,19.9,29.7,18.4,0.0,Clear,visualcrossing_historical
Indore,2025-03-06,29.9,10.0,22.0,28.8,11.2,0.0,Clear,visualcrossing_historical
Indore,2025-03-07,33.0,11.0,23.7,32.6,11.2,0.0,Clear,visualcrossing_historical
Indore,2025-03-08,33.0,18.0,25.5,27.7,13.0,0.0,Clear,visualcrossing_historical
Indore,2025-03-09,34.2,18.0,27.3,23.2,13.0,0.0,Clear,visualcrossing_historical
Indore,2025-03-09,33.52,33.52,33.52,12.0,3.84,0.0,clear sky,openweathermap_realtime
Thane,2025-02-07,32.2,24.0,28.1,51.4,15.2,0.0,Clear,visualcrossing_historical
Thane,2025-02-08,32.5,23.6,28.2,50.2,13.9,0.0,Clear,visualcrossing_historical
Thane,2025-02-09,32.7,23.2,28.5,45.6,16.1,0.0,Clear,visualcrossing_historical
Thane,2025-02-10,33.3,24.2,28.1,40.9,20.0,0.0,Clear,visualcrossing_historical
Thane,2025-02-11,31.0,22.7,26.8,45.5,17.0,0.0,Clear,visualcrossing_historical
Thane,2025-02-12,31.2,21.2,26.2,47.8,18.4,0.0,Clear,visualcrossing_historical
Thane,2025-02-13,33.7,21.1,27.4,47.2,19.5,0.0,Clear,visualcrossing_historical
Thane,2025-02-14,34.3,23.3,28.8,39.0,17.5,0.0,Clear,visualcrossing_historical
Thane,2025-02-15,34.6,23.0,28.7,36.7,19.5,0.0,Clear,visualcrossing_historical
Thane,2025-02-16,33.5,21.9,28.0,37.0,20.5,0.0,Clear,visualcrossing_historical
Thane,2025-02-17,31.7,22.0,27.5,46.6,18.4,0.0,Clear,visualcrossing_historical
Thane,2025-02-18,34.3,23.2,28.5,44.8,17.6,0.0,Clear,visualcrossing_historical
Thane,2025-02-19,32.5,23.3,28.2,47.0,21.3,0.0,Clear,visualcrossing_historical
Thane,2025-02-20,34.0,23.9,28.6,44.5,19.5,0.0,Clear,visualcrossing_historical
Thane,2025-02-21,35.2,24.0,29.7,35.4,16.6,0.0,Clear,visualcrossing_historical
Thane,2025-02-22,35.0,24.6,29.4,37.8,18.9,0.0,Clear,visualcrossing_historical
Thane,2025-02-23,34.7,24.4,30.1,37.5,16.1,0.0,Clear,visualcrossing_historical
Thane,2025-02-24,36.2,24.6,30.4,32.9,14.8,0.0,Clear,visualcrossing_historical
Thane,2025-02-25,35.5,25.1,30.0,34.8,17.0,0.0,Partially cloudy,visualcrossing_historical
Thane,2025-02-26,36.0,24.7,30.2,38.3,18.2,0.0,Clear,visualcrossing_historical
Thane,2025-02-27,35.2,25.1,30.0,41.5,20.0,0.0,Clear,visualcrossing_historical
Thane,2025-02-28,33.5,25.8,29.9,46.0,14.8,0.0,Clear,visualcrossing_historical
Thane,2025-03-01,33.2,25.7,29.4,43.9,14.8,0.0,Clear,visualcrossing_historical
Thane,2025-03-02,33.2,25.5,29.1,45.3,20.0,0.0,Clear,visualcrossing_historical
Thane,2025-03-03,34.0,24.5,29.2,41.2,20.0,0.0,Partially cloudy,visualcrossing_historical
Thane,2025-03-04,35.0,25.0,29.4,41.8,19.2,0.0,Partially cloudy,visualcrossing_historical
Thane,2025-03-05,34.7,23.3,29.8,34.6,19.2,0.0,Clear,visualcrossing_historical
Thane,2025-03-06,33.7,24.5,29.2,30.3,16.9,0.0,Clear,visualcrossing_historical
Thane,2025-03-07,33.7,23.3,29.4,31.4,18.4,0.0,Clear,visualcrossing_historical
Thane,2025-03-08,33.7,23.9,29.1,40.5,17.6,0.0,Clear,visualcrossing_historical
Thane,2025-03-09,38.1,24.3,30.3,45.1,23.0,0.0,Clear,visualcrossing_historical
Thane,2025-03-09,35.17,35.17,35.17,20.0,3.46,0.0,clear sky,openweathermap_realtime
Bhopal,2025-02-07,23.5,11.7,17.0,52.2,14.7,0.0,Clear,visualcrossing_historical
Bhopal,2025-02-08,26.5,11.4,18.1,51.8,14.7,0.0,Partially cloudy,visualcrossing_historical
Bhopal,2025-02-09,28.9,13.0,20.4,54.0,10.8,0.0,Clear,visualcrossing_historical
Bhopal,2025-02-10,30.6,15.1,21.7,60.0,15.8,0.0,Clear,visualcrossing_historical
Bhopal,2025-02-11,30.6,14.5,21.5,54.1,14.7,0.0,Clear,visualcrossing_historical
Bhopal,2025-02-12,29.0,14.1,20.9,50.9,16.3,0.0,Clear,visualcrossing_historical
Bhopal,2025-02-13,26.6,12.1,19.3,45.9,10.8,0.0,Clear,visualcrossing_historical
Bhopal,2025-02-14,28.6,10.9,20.0,48.9,11.1,0.0,Clear,visualcrossing_historical
Bhopal,2025-02-15,31.1,15.7,22.2,49.0,12.9,0.0,Clear,visualcrossing_historical
Bhopal,2025-02-16,31.0,15.7,22.6,50.5,12.9,0.0,Clear,visualcrossing_historical
Bhopal,2025-02-17,30.7,17.4,23.3,53.3,9.4,0.0,Clear,visualcrossing_historical
Bhopal,2025-02-18,31.1,17.1,23.4,58.3,20.5,0.0,Clear,visualcrossing_historical
Bhopal,2025-02-19,29.1,17.0,22.5,61.9,11.0,0.0,Clear,visualcrossing_historical
Bhopal,2025-02-20,30.6,16.2,23.5,53.9,14.7,0.0,Partially cloudy,visualcrossing_historical
Bhopal,2025-02-21,30.7,16.9,22.7,47.1,13.0,0.0,Clear,visualcrossing_historical
Bhopal,2025-02-22,28.5,15.1,21.5,49.7,12.7,0.0,Clear,visualcrossing_historical
Bhopal,2025-02-23,29.3,12.9,21.5,50.5,11.2,0.0,Clear,visualcrossing_historical
Bhopal,2025-02-24,28.9,16.5,21.7,49.0,18.3,0.0,Clear,visualcrossing_historical
Bhopal,2025-02-25,29.2,12.7,21.6,48.3,14.8,0.0,Partially cloudy,visualcrossing_historical
Bhopal,2025-02-26,29.8,13.7,22.5,50.4,14.7,0.0,Clear,visualcrossing_historical
Bhopal,2025-02-27,32.2,16.9,24.2,49.9,18.3,0.0,Partially cloudy,visualcrossing_historical
Bhopal,2025-02-28,33.5,19.5,25.7,46.8,22.2,0.0,Partially cloudy,visualcrossing_historical
Bhopal,2025-03-01,31.9,18.6,25.4,48.5,11.9,0.0,Clear,visualcrossing_historical
Bhopal,2025-03-02,31.7,17.8,24.5,48.7,16.3,0.0,Clear,visualcrossing_historical
Bhopal,2025-03-03,32.3,17.0,24.6,41.7,12.2,0.0,Partially cloudy,visualcrossing_historical
Bhopal,2025-03-04,31.4,17.0,24.5,29.7,174.2,0.0,Partially cloudy,visualcrossing_historical
Bhopal,2025-03-05,28.6,12.0,19.9,17.8,29.5,0.0,Clear,visualcrossing_historical
Bhopal,2025-03-06,30.2,14.6,21.7,15.2,18.7,0.0,Clear,visualcrossing_historical
Bhopal,2025-03-07,32.4,14.0,24.2,16.4,14.4,0.0,Clear,visualcrossing_historical
Bhopal,2025-03-08,32.5,19.2,25.7,18.7,22.3,0.0,Clear,visualcrossing_historical
Bhopal,2025-03-09,34.1,19.7,26.7,16.9,17.6,0.0,Clear,visualcrossing_historical
Bhopal,2025-03-09,33.38,33.38,33.38,12.0,2.52,0.0,clear sky,openweathermap_realtime
Visakhapatnam,2025-02-07,30.3,24.1,26.8,85.9,18.4,0.0,Partially cloudy,visualcrossing_historical
Visakhapatnam,2025-02-08,30.1,23.1,26.7,83.0,22.3,0.0,Partially cloudy,visualcrossing_historical
Visakhapatnam,2025-02-09,30.8,23.1,26.7,83.1,18.4,0.0,Partially cloudy,visualcrossing_historical
Visakhapatnam,2025-02-10,30.6,22.1,26.1,80.4,16.6,0.0,Partially cloudy,visualcrossing_historical
Visakhapatnam,2025-02-11,31.1,21.1,25.8,79.7,20.5,0.0,Partially cloudy,visualcrossing_historical
Visakhapatnam,2025-02-12,33.1,23.1,27.1,71.6,20.5,0.0,Clear,visualcrossing_historical
Visakhapatnam,2025-02-13,33.1,23.1,27.3,72.2,22.3,0.0,Partially cloudy,visualcrossing_historical
Visakhapatnam,2025-02-14,33.1,21.1,27.1,71.2,20.5,0.0,Partially cloudy,visualcrossing_historical
Visakhapatnam,2025-02-15,31.1,23.1,26.6,79.3,18.4,0.0,Partially cloudy,visualcrossing_historical
Visakhapatnam,2025-02-16,32.1,22.1,26.3,82.8,20.5,0.0,Partially cloudy,visualcrossing_historical
Visakhapatnam,2025-02-17,32.1,22.1,26.7,78.8,16.6,0.0,Partially cloudy,visualcrossing_historical
Visakhapatnam,2025-02-18,31.1,24.1,27.1,79.1,20.5,0.0,Partially cloudy,visualcrossing_historical
Visakhapatnam,2025-02-19,33.1,23.1,27.4,72.1,18.4,0.0,Partially cloudy,visualcrossing_historical
Visakhapatnam,2025-02-20,32.1,24.1,27.1,75.8,16.6,0.0,Partially cloudy,visualcrossing_historical
Visakhapatnam,2025-02-21,30.6,23.1,26.9,79.4,18.4,0.0,Partially cloudy,visualcrossing_historical
Visakhapatnam,2025-02-22,32.1,24.1,27.2,80.1,18.4,0.0,Partially cloudy,visualcrossing_historical
Visakhapatnam,2025-02-23,33.1,24.1,27.9,80.2,20.5,0.0,Partially cloudy,visualcrossing_historical
Visakhapatnam,2025-02-24,33.1,22.1,27.4,76.4,24.1,0.0,Partially cloudy,visualcrossing_historical
Visakhapatnam,2025-02-25,33.1,23.1,27.4,75.4,20.5,0.0,Partially cloudy,visualcrossing_historical
Visakhapatnam,2025-02-26,32.1,22.1,26.9,74.6,18.4,0.0,Partially cloudy,visualcrossing_historical
Visakhapatnam,2025-02-27,32.1,22.1,26.8,73.3,22.3,0.0,Partially cloudy,visualcrossing_historical
Visakhapatnam,2025-02-28,32.1,22.1,26.9,73.5,18.4,0.0,Partially cloudy,visualcrossing_historical
Visakhapatnam,2025-03-01,34.1,21.1,27.1,69.1,16.6,0.0,Partially cloudy,visualcrossing_historical
Visakhapatnam,2025-03-02,33.4,23.1,27.6,75.5,18.4,0.0,Partially cloudy,visualcrossing_historical
Visakhapatnam,2025-03-03,35.1,24.1,28.5,77.9,20.5,0.0,Partially cloudy,visualcrossing_historical
Visakhapatnam,2025-03-04,32.4,25.0,28.2,67.2,19.1,0.0,Partially cloudy,visualcrossing_historical
Visakhapatnam,2025-03-05,33.2,24.2,27.8,68.5,18.4,0.0,Partially cloudy,visualcrossing_historical
Visakhapatnam,2025-03-06,33.7,23.9,27.5,53.7,24.1,0.0,Partially cloudy,visualcrossing_historical
Visakhapatnam,2025-03-07,30.8,21.9,26.1,56.6,20.5,0.0,Clear,visualcrossing_historical
Visakhapatnam,2025-03-08,31.0,22.7,26.3,70.9,23.8,0.0,Clear,visualcrossing_historical
Visakhapatnam,2025-03-09,29.9,23.8,26.6,68.5,21.2,0.0,Clear,visualcrossing_historical
Visakhapatnam,2025-03-09,29.22,29.22,29.22,56.0,4.04,0.0,clear sky,openweathermap_realtime
Patna,2025-02-07,24.0,14.0,18.5,49.4,18.4,0.0,Clear,visualcrossing_historical
Patna,2025-02-08,24.9,13.0,17.9,54.1,16.6,0.0,Clear,visualcrossing_historical
Patna,2025-02-09,25.0,13.0,18.6,64.4,14.8,0.0,Clear,visualcrossing_historical
Patna,2025-02-10,27.0,14.0,19.7,65.7,11.2,0.0,Clear,visualcrossing_historical
Patna,2025-02-11,27.1,14.0,20.9,59.9,14.8,0.0,Clear,visualcrossing_historical
Patna,2025-02-12,29.0,16.0,21.8,58.3,20.5,0.0,Clear,visualcrossing_historical
Patna,2025-02-13,25.7,17.0,20.5,53.6,24.1,0.0,Clear,visualcrossing_historical
Patna,2025-02-14,25.0,14.6,19.3,49.4,20.5,0.0,Clear,visualcrossing_historical
Patna,2025-02-15,26.3,14.0,19.4,57.5,9.4,0.0,Clear,visualcrossing_historical
Patna,2025-02-16,27.2,13.0,20.5,64.4,7.6,0.0,Clear,visualcrossing_historical
Patna,2025-02-17,28.0,16.3,21.6,62.2,10.0,0.0,Clear,visualcrossing_historical
Patna,2025-02-18,28.1,16.0,21.9,67.0,7.6,0.0,Clear,visualcrossing_historical
Patna,2025-02-19,29.0,17.0,22.3,64.1,9.4,0.0,Clear,visualcrossing_historical
Patna,2025-02-20,29.0,16.0,23.0,64.8,13.0,0.0,Clear,visualcrossing_historical
Patna,2025-02-21,30.0,18.0,23.8,64.2,13.0,0.0,Clear,visualcrossing_historical
Patna,2025-02-22,29.3,17.7,23.7,57.6,11.2,0.0,Clear,visualcrossing_historical
Patna,2025-02-23,28.0,18.0,22.6,57.6,13.0,0.0,Clear,visualcrossing_historical
Patna,2025-02-24,27.2,16.0,21.8,58.5,13.4,0.0,Clear,visualcrossing_historical
Patna,2025-02-25,28.0,17.0,22.0,59.1,11.2,0.0,Clear,visualcrossing_historical
Patna,2025-02-26,27.2,16.0,21.5,62.2,9.4,0.0,Partially cloudy,visualcrossing_historical
Patna,2025-02-27,28.0,16.0,21.8,65.2,13.0,0.0,Clear,visualcrossing_historical
Patna,2025-02-28,28.1,19.0,23.2,66.4,8.5,0.0,Partially cloudy,visualcrossing_historical
Patna,2025-03-01,29.0,19.0,24.1,69.9,10.2,3.2,"Rain, Partially cloudy",visualcrossing_historical
Patna,2025-03-02,30.0,18.8,24.8,61.0,24.1,0.0,Clear,visualcrossing_historical
Patna,2025-03-03,29.1,20.0,24.4,47.7,22.3,0.0,Clear,visualcrossing_historical
Patna,2025-03-04,31.0,19.0,24.8,49.9,20.5,0.0,Clear,visualcrossing_historical
Patna,2025-03-05,26.0,17.0,21.7,44.1,25.9,0.0,Clear,visualcrossing_historical
Patna,2025-03-06,25.0,15.0,20.2,46.5,14.8,0.0,Clear,visualcrossing_historical
Patna,2025-03-07,26.0,15.0,21.0,58.4,16.6,0.0,Clear,visualcrossing_historical
Patna,2025-03-08,30.0,17.0,23.1,51.9,13.0,0.0,Clear,visualcrossing_historical
Patna,2025-03-09,33.3,17.0,24.8,39.8,13.7,0.0,Clear,visualcrossing_historical
Patna,2025-03-09,32.4,32.4,32.4,10.0,3.09,0.0,clear sky,openweathermap_realtime
Vadodara,2025-02-07,29.8,16.1,23.3,41.7,17.6,0.0,Clear,visualcrossing_historical
Vadodara,2025-02-08,32.3,15.9,23.9,51.9,11.2,0.0,Partially cloudy,visualcrossing_historical
Vadodara,2025-02-09,33.2,17.6,24.6,53.9,8.6,0.0,Clear,visualcrossing_historical
Vadodara,2025-02-10,32.1,16.3,23.9,51.7,11.2,0.0,Clear,visualcrossing_historical
Vadodara,2025-02-11,30.3,17.5,23.1,53.6,10.1,0.0,Clear,visualcrossing_historical
Vadodara,2025-02-12,31.1,17.7,23.7,59.3,9.4,0.0,Clear,visualcrossing_historical
Vadodara,2025-02-13,31.9,16.4,23.9,51.4,9.7,0.0,Clear,visualcrossing_historical
Vadodara,2025-02-14,32.7,16.1,24.4,44.9,10.8,0.0,Clear,visualcrossing_historical
Vadodara,2025-02-15,33.1,18.5,25.3,48.1,9.4,0.0,Clear,visualcrossing_historical
Vadodara,2025-02-16,32.4,18.0,25.2,51.7,9.7,0.0,Clear,visualcrossing_historical
Vadodara,2025-02-17,32.8,17.6,25.2,56.6,9.7,0.0,Clear,visualcrossing_historical
Vadodara,2025-02-18,33.1,20.7,26.7,49.9,12.2,0.0,Clear,visualcrossing_historical
Vadodara,2025-02-19,33.6,20.8,26.7,45.9,10.1,0.0,Clear,visualcrossing_historical
Vadodara,2025-02-20,33.2,19.2,26.3,49.1,9.0,0.0,Partially cloudy,visualcrossing_historical
Vadodara,2025-02-21,33.2,19.1,26.2,47.3,10.4,0.0,Clear,visualcrossing_historical
Vadodara,2025-02-22,34.1,19.6,26.4,46.6,8.6,0.0,Clear,visualcrossing_historical
Vadodara,2025-02-23,34.2,18.7,26.5,43.2,9.7,0.0,Clear,visualcrossing_historical
Vadodara,2025-02-24,34.3,20.2,26.9,39.9,9.7,0.0,Partially cloudy,visualcrossing_historical
Vadodara,2025-02-25,34.9,20.9,27.5,37.9,14.8,0.0,Partially cloudy,visualcrossing_historical
Vadodara,2025-02-26,37.2,20.7,28.5,39.1,12.2,0.0,Partially cloudy,visualcrossing_historical
Vadodara,2025-02-27,36.6,21.1,28.8,42.2,11.2,0.0,Partially cloudy,visualcrossing_historical
Vadodara,2025-02-28,35.3,22.3,27.9,44.7,9.4,0.0,Partially cloudy,visualcrossing_historical
Vadodara,2025-03-01,33.5,20.9,27.2,47.6,10.4,0.0,Clear,visualcrossing_historical
Vadodara,2025-03-02,33.0,22.2,26.9,48.5,10.1,0.0,Clear,visualcrossing_historical
Vadodara,2025-03-03,36.2,21.0,28.4,33.0,21.6,0.0,Partially cloudy,visualcrossing_historical
Vadodara,2025-03-04,35.6,22.6,28.3,23.4,18.7,0.0,Partially cloudy,visualcrossing_historical
Vadodara,2025-03-05,34.1,18.4,25.7,8.2,22.3,0.0,Clear,visualcrossing_historical
Vadodara,2025-03-06,35.5,19.7,27.1,8.1,12.6,0.0,Clear,visualcrossing_historical
Vadodara,2025-03-07,36.9,21.3,28.7,9.3,12.2,0.0,Clear,visualcrossing_historical
Vadodara,2025-03-08,37.3,23.2,30.0,18.1,13.0,0.0,Clear,visualcrossing_historical
Vadodara,2025-03-09,38.9,23.6,31.0,25.3,11.2,0.0,Clear,visualcrossing_historical
Vadodara,2025-03-09,37.64,37.64,37.64,13.0,0.65,0.0,clear sky,openweathermap_realtime
Ghaziabad,2025-02-07,22.3,8.0,15.0,54.9,19.2,0.0,Clear,visualcrossing_historical
Ghaziabad,2025-02-08,24.3,9.0,16.2,53.1,16.6,0.0,Clear,visualcrossing_historical
Ghaziabad,2025-02-09,26.0,10.0,17.0,59.7,9.4,0.0,Clear,visualcrossing_historical
Ghaziabad,2025-02-10,26.4,11.0,18.3,62.9,9.4,0.0,Partially cloudy,visualcrossing_historical
Ghaziabad,2025-02-11,27.7,12.3,19.4,59.7,11.2,0.0,Clear,visualcrossing_historical
Ghaziabad,2025-02-12,25.2,13.0,18.4,60.3,24.3,0.0,Clear,visualcrossing_historical
Ghaziabad,2025-02-13,23.5,11.0,17.7,52.8,18.4,0.0,Clear,visualcrossing_historical
Ghaziabad,2025-02-14,25.7,9.0,17.4,51.3,23.7,0.0,Clear,visualcrossing_historical
Ghaziabad,2025-02-15,26.0,12.0,18.7,51.8,9.4,0.0,Clear,visualcrossing_historical
Ghaziabad,2025-02-16,27.3,13.0,19.7,59.0,13.0,0.0,Partially cloudy,visualcrossing_historical
Ghaziabad,2025-02-17,27.3,14.0,19.9,60.4,9.4,0.0,Partially cloudy,visualcrossing_historical
Ghaziabad,2025-02-18,27.2,15.0,20.3,57.1,13.0,0.0,Partially cloudy,visualcrossing_historical
Ghaziabad,2025-02-19,26.3,12.9,19.8,56.5,14.8,0.0,Partially cloudy,visualcrossing_historical
Ghaziabad,2025-02-20,25.5,16.0,20.4,68.6,22.1,0.673,"Rain, Partially cloudy",visualcrossing_historical
Ghaziabad,2025-02-21,24.6,14.0,19.6,65.7,16.6,0.8,"Rain, Partially cloudy",visualcrossing_historical
Ghaziabad,2025-02-22,23.5,12.0,17.4,75.2,16.6,0.0,Clear,visualcrossing_historical
Ghaziabad,2025-02-23,25.5,12.0,18.3,66.5,13.0,0.0,Clear,visualcrossing_historical
Ghaziabad,2025-02-24,26.0,12.0,19.0,68.8,14.8,0.0,Clear,visualcrossing_historical
Ghaziabad,2025-02-25,27.0,13.0,19.9,62.9,9.4,0.0,Partially cloudy,visualcrossing_historical
Ghaziabad,2025-02-26,30.5,17.0,23.5,56.4,11.2,0.0,Partially cloudy,visualcrossing_historical
Ghaziabad,2025-02-27,24.0,20.0,21.8,63.7,18.4,0.0,Partially cloudy,visualcrossing_historical
Ghaziabad,2025-02-28,25.4,19.0,21.4,67.9,16.1,10.7,"Rain, Partially cloudy",visualcrossing_historical
Ghaziabad,2025-03-01,26.7,18.0,21.6,76.4,18.4,0.865,"Rain, Partially cloudy",visualcrossing_historical
Ghaziabad,2025-03-02,25.9,15.1,20.2,61.3,18.4,0.0,Clear,visualcrossing_historical
Ghaziabad,2025-03-03,29.0,12.4,21.0,49.9,13.0,0.0,Clear,visualcrossing_historical
Ghaziabad,2025-03-04,26.0,15.0,20.8,55.6,18.4,0.0,Partially cloudy,visualcrossing_historical
Ghaziabad,2025-03-05,24.0,10.0,17.1,53.2,27.7,0.0,Clear,visualcrossing_historical
Ghaziabad,2025-03-06,27.0,9.0,18.7,39.5,23.0,0.0,Clear,visualcrossing_historical
Ghaziabad,2025-03-07,28.6,12.0,20.2,44.1,16.6,0.0,Clear,visualcrossing_historical
Ghaziabad,2025-03-08,29.0,14.0,21.6,48.5,16.6,0.0,Clear,visualcrossing_historical
Ghaziabad,2025-03-09,33.2,16.0,24.9,35.5,14.4,0.0,Clear,visualcrossing_historical
Ghaziabad,2025-03-09,32.91,32.91,32.91,10.0,1.37,0.0,clear sky,openweathermap_realtime
Ludhiana,2025-02-07,22.1,8.3,13.7,67.7,16.6,0.0,Partially cloudy,visualcrossing_historical
Ludhiana,2025-02-08,23.9,8.5,14.6,66.3,12.2,0.0,Partially cloudy,visualcrossing_historical
Ludhiana,2025-02-09,24.6,8.5,15.2,73.4,9.7,0.0,Clear,visualcrossing_historical
Ludhiana,2025-02-10,25.7,9.5,16.2,73.8,10.1,0.0,Clear,visualcrossing_historical
Ludhiana,2025-02-11,25.4,10.9,17.0,71.2,13.7,0.0,Clear,visualcrossing_historical
Ludhiana,2025-02-12,24.4,12.5,17.1,61.1,18.4,0.0,Clear,visualcrossing_historical
Ludhiana,2025-02-13,22.9,9.5,15.0,63.3,16.2,0.0,Partially cloudy,visualcrossing_historical
Ludhiana,2025-02-14,23.7,8.4,15.1,62.3,14.0,0.0,Partially cloudy,visualcrossing_historical
Ludhiana,2025-02-15,24.6,11.0,16.9,64.8,13.3,0.4,"Rain, Partially cloudy",visualcrossing_historical
Ludhiana,2025-02-16,23.8,10.9,16.3,75.3,9.4,0.0,Partially cloudy,visualcrossing_historical
Ludhiana,2025-02-17,26.9,11.8,18.0,70.8,9.7,0.0,Partially cloudy,visualcrossing_historical
Ludhiana,2025-02-18,27.3,13.5,19.0,64.0,13.7,0.0,Partially cloudy,visualcrossing_historical
Ludhiana,2025-02-19,26.1,9.1,17.5,68.1,15.5,0.1,"Rain, Partially cloudy",visualcrossing_historical
Ludhiana,2025-02-20,22.1,13.9,16.6,82.8,16.2,20.7,"Rain, Partially cloudy",visualcrossing_historical
Ludhiana,2025-02-21,23.4,11.6,16.5,80.8,9.4,0.4,"Rain, Partially cloudy",visualcrossing_historical
Ludhiana,2025-02-22,22.8,12.4,16.7,77.9,10.4,0.2,"Rain, Partially cloudy",visualcrossing_historical
Ludhiana,2025-02-23,24.7,11.1,17.1,77.5,9.7,0.0,Clear,visualcrossing_historical
Ludhiana,2025-02-24,25.7,11.8,17.7,75.9,11.9,0.0,Partially cloudy,visualcrossing_historical
Ludhiana,2025-02-25,22.4,13.5,17.8,76.9,14.4,0.5,"Rain, Partially cloudy",visualcrossing_historical
Ludhiana,2025-02-26,28.4,16.8,21.7,65.7,11.9,0.1,"Rain, Overcast",visualcrossing_historical
Ludhiana,2025-02-27,20.9,16.7,19.0,83.5,20.9,8.2,"Rain, Overcast",visualcrossing_historical
Ludhiana,2025-02-28,20.1,15.2,17.0,91.9,23.4,25.6,"Rain, Partially cloudy",visualcrossing_historical
Ludhiana,2025-03-01,23.4,14.6,18.4,83.7,9.0,0.0,Partially cloudy,visualcrossing_historical
Ludhiana,2025-03-02,24.1,12.7,17.4,72.1,12.6,0.0,Clear,visualcrossing_historical
Ludhiana,2025-03-03,25.3,10.5,17.4,60.4,24.5,0.6,"Rain, Partially cloudy",visualcrossing_historical
Ludhiana,2025-03-04,24.8,10.8,16.3,62.5,23.4,3.0,Rain,visualcrossing_historical
Ludhiana,2025-03-05,24.1,7.4,14.8,43.9,27.7,0.0,Clear,visualcrossing_historical
Ludhiana,2025-03-06,26.9,9.3,16.6,35.3,16.2,0.0,Clear,visualcrossing_historical
Ludhiana,2025-03-07,29.1,10.6,18.6,43.8,21.2,0.0,Partially cloudy,visualcrossing_historical
Ludhiana,2025-03-08,29.7,11.7,19.8,32.5,17.6,0.0,Clear,visualcrossing_historical
Ludhiana,2025-03-09,31.8,12.9,21.6,30.1,15.8,0.0,Partially cloudy,visualcrossing_historical
Ludhiana,2025-03-09,31.59,31.59,31.59,13.0,1.13,0.0,broken clouds,openweathermap_realtime
